{
	"info": {
		"_postman_id": "e4fbf4f3-94ed-4279-8cb7-0166f1554683",
		"name": "capstone",
		"schema": "https://schema.getpostman.com/json/collection/v2.1.0/collection.json"
	},
	"item": [
		{
			"name": "User",
			"item": [
				{
					"name": "login",
					"request": {
						"method": "POST",
						"header": [
							{
								"key": "Content-Type",
								"value": "application/json",
								"type": "text"
							}
						],
						"body": {
							"mode": "raw",
							"raw": "{\n    \"email\": \"josepadre30@gmail.com\",\n    \"password\":\"lkdasjflajdf\"\n}"
						},
						"url": {
							"raw": "http://localhost:5000/api/v1/user/login",
							"protocol": "http",
							"host": [
								"localhost"
							],
							"port": "5000",
							"path": [
								"api",
								"v1",
								"user",
								"login"
							]
						}
					},
					"response": []
				},
				{
					"name": "user over AWS",
					"request": {
						"method": "POST",
						"header": [
							{
								"key": "Content-Type",
								"value": "application/json",
								"type": "text"
							}
						],
						"body": {
							"mode": "raw",
							"raw": "{\n    \"email\": \"josepadre30@gmail.com\",\n    \"password\":\"lkdasjflajdf\"\n}"
						},
						"url": {
							"raw": "http://ec2-3-91-242-137.compute-1.amazonaws.com:5000/api/v1/user",
							"protocol": "http",
							"host": [
								"ec2-3-91-242-137",
								"compute-1",
								"amazonaws",
								"com"
							],
							"port": "5000",
							"path": [
								"api",
								"v1",
								"user"
							]
						}
					},
					"response": []
				},
				{
					"name": "http://localhost:5000/api/v1/user",
					"request": {
						"method": "PATCH",
						"header": [
							{
								"key": "Content-Type",
								"value": "application/json",
								"type": "text"
							}
						],
						"body": {
							"mode": "raw",
							"raw": "{\n    \"first_name\": \"Luciano\",\n    \"last_name\": \"Bellini\",\n    \"email\": \"josepadre30@gmail.com\",\n    \"password\": \"luciano\",\n    \"company\": \"Salesianos Ecuador\",\n    \"phone_number\": \"0984226554\"\n}"
						},
						"url": {
							"raw": "http://localhost:5000/api/v1/user",
							"protocol": "http",
							"host": [
								"localhost"
							],
							"port": "5000",
							"path": [
								"api",
								"v1",
								"user"
							]
						}
					},
					"response": []
				},
				{
					"name": "http://localhost:5000/api/v1/user",
					"request": {
						"method": "POST",
						"header": [
							{
								"key": "Content-Type",
								"value": "application/json",
								"type": "text"
							}
						],
						"body": {
							"mode": "raw",
							"raw": "{\n    \"first_name\": \"Jose\",\n    \"last_name\": \"Luis\",\n    \"email\": \"josepadre30@gmail.com\",\n    \"password\": \"lkdasjflajdf\",\n    \"company\": \"Holberton\",\n    \"phone_number\": \"0984226554\"\n}"
						},
						"url": {
							"raw": "http://localhost:5000/api/v1/user",
							"protocol": "http",
							"host": [
								"localhost"
							],
							"port": "5000",
							"path": [
								"api",
								"v1",
								"user"
							]
						}
					},
					"response": []
				},
				{
					"name": "post over AWS",
					"request": {
						"method": "POST",
						"header": [
							{
								"key": "Content-Type",
								"value": "application/json",
								"type": "text"
							}
						],
						"body": {
							"mode": "raw",
							"raw": "{\n    \"first_name\": \"Jose\",\n    \"last_name\": \"Luis\",\n    \"email\": \"luis@juanito2.com\",\n    \"password\": \"lkdasjflajdf\",\n    \"company\": \"Holberton\",\n    \"phone_number\": \"0984226554\"\n}"
						},
						"url": {
							"raw": "http://localhost:5000/api/v1/user",
							"protocol": "http",
							"host": [
								"localhost"
							],
							"port": "5000",
							"path": [
								"api",
								"v1",
								"user"
							]
						}
					},
					"response": []
				},
				{
					"name": "http://localhost:5000/api/v1/user",
					"request": {
						"method": "DELETE",
						"header": [
							{
								"key": "Content-Type",
								"value": "application/json",
								"type": "text"
							}
						],
						"body": {
							"mode": "raw",
							"raw": ""
						},
						"url": {
							"raw": "http://localhost:5000/api/v1/user",
							"protocol": "http",
							"host": [
								"localhost"
							],
							"port": "5000",
							"path": [
								"api",
								"v1",
								"user"
							]
						}
					},
					"response": []
				}
			]
		},
		{
			"name": "Routes",
			"item": [
				{
					"name": "Route",
					"request": {
						"method": "GET",
						"header": [
							{
								"key": "Content-Type",
								"value": "application/json",
								"type": "text"
							}
						],
						"url": {
							"raw": "http://localhost:5000/api/v1/user/routes",
							"protocol": "http",
							"host": [
								"localhost"
							],
							"port": "5000",
							"path": [
								"api",
								"v1",
								"user",
								"routes"
							]
						}
					},
					"response": []
				}
			]
		},
		{
			"name": "Subscription",
			"item": [
				{
					"name": "subscription",
					"request": {
						"method": "GET",
						"header": [],
						"url": {
							"raw": "http://localhost:5000/api/v1/subscription",
							"protocol": "http",
							"host": [
								"localhost"
							],
							"port": "5000",
							"path": [
								"api",
								"v1",
								"subscription"
							]
						}
					},
					"response": []
				},
				{
					"name": "patch",
					"request": {
						"method": "PATCH",
						"header": [],
						"body": {
							"mode": "raw",
							"raw": "{\n    \"id\": \"1\",\n    \"description\":\"This is a base subscription\"\n}",
							"options": {
								"raw": {
									"language": "json"
								}
							}
						},
						"url": {
							"raw": "http://localhost:5000/api/v1/subscription",
							"protocol": "http",
							"host": [
								"localhost"
							],
							"port": "5000",
							"path": [
								"api",
								"v1",
								"subscription"
							]
						}
					},
					"response": []
				},
				{
					"name": "subscription",
					"request": {
						"method": "POST",
						"header": [
							{
								"key": "Content-Type",
								"value": "application/json",
								"type": "text"
							}
						],
						"body": {
							"mode": "raw",
							"raw": "{\n    \"id\": \"1\",\n    \"description\":\"This is a base subscription\"\n}"
						},
						"url": {
							"raw": "http://localhost:5000/api/v1/subscription",
							"protocol": "http",
							"host": [
								"localhost"
							],
							"port": "5000",
							"path": [
								"api",
								"v1",
								"subscription"
							]
						}
					},
					"response": []
				},
				{
					"name": "subscription",
					"request": {
						"method": "DELETE",
						"header": [
							{
								"key": "Content-Type",
								"value": "application/json",
								"type": "text"
							}
						],
						"body": {
							"mode": "raw",
							"raw": "{\n    \"id\": \"1\"\n}"
						},
						"url": {
							"raw": "http://localhost:5000/api/v1/subscription",
							"protocol": "http",
							"host": [
								"localhost"
							],
							"port": "5000",
							"path": [
								"api",
								"v1",
								"subscription"
							]
						}
					},
					"response": []
				}
			]
		},
		{
			"name": "Admin",
			"item": [
				{
					"name": "login admin",
					"protocolProfileBehavior": {
						"disabledSystemHeaders": {}
					},
					"request": {
						"method": "POST",
						"header": [],
						"body": {
							"mode": "raw",
							"raw": "{\n    \"email\": \"josepadre30@gmail.com\",\n    \"password\": \"lkdasjflajdf\"\n}",
							"options": {
								"raw": {
									"language": "json"
								}
							}
						},
						"url": {
							"raw": "http://localhost:5000/api/v1/admin",
							"protocol": "http",
							"host": [
								"localhost"
							],
							"port": "5000",
							"path": [
								"api",
								"v1",
								"admin"
							]
						}
					},
					"response": []
				},
				{
					"name": "update user",
					"request": {
						"method": "PATCH",
						"header": [],
						"body": {
							"mode": "raw",
							"raw": "{\n    \"id\": \"26\",\n    \"first_name\": \"Luciano\",\n    \"last_name\": \"Bellini\",\n    \"email\": \"josepadre3030@gmail.com\",\n    \"password\": \"luciano\",\n    \"company\": \"Salesianos Ecuador\",\n    \"phone_number\": \"0984226554\"\n}",
							"options": {
								"raw": {
									"language": "json"
								}
							}
						},
						"url": {
							"raw": "http://localhost:5000/api/v1/admin",
							"protocol": "http",
							"host": [
								"localhost"
							],
							"port": "5000",
							"path": [
								"api",
								"v1",
								"admin"
							]
						}
					},
					"response": []
				},
				{
					"name": "New Request",
					"request": {
						"method": "GET",
						"header": []
					},
					"response": []
				}
			]
		}
	]
}